Dataset,Model,Measure,Drift Strength,Value
yelp_review_full,nlpaueb/sec-bert-base,kl,0.0,1.349065842623876
yelp_review_full,nlpaueb/sec-bert-base,kl,0.0,1.3208916892723623
yelp_review_full,nlpaueb/sec-bert-base,kl,0.0,0.8952760953307292
yelp_review_full,nlpaueb/sec-bert-base,kl,0.25,2.3403036948072167
yelp_review_full,nlpaueb/sec-bert-base,kl,0.25,1.9225406078386436
yelp_review_full,nlpaueb/sec-bert-base,kl,0.25,1.693297182030718
yelp_review_full,nlpaueb/sec-bert-base,kl,0.5,4.575509258460712
yelp_review_full,nlpaueb/sec-bert-base,kl,0.5,3.951410605968174
yelp_review_full,nlpaueb/sec-bert-base,kl,0.5,3.8287745176447867
yelp_review_full,nlpaueb/sec-bert-base,kl,0.75,6.0230423968365505
yelp_review_full,nlpaueb/sec-bert-base,kl,0.75,5.971248193011561
yelp_review_full,nlpaueb/sec-bert-base,kl,0.75,5.485922131461782
yelp_review_full,nlpaueb/sec-bert-base,kl,1.0,6.706987432917832
yelp_review_full,nlpaueb/sec-bert-base,kl,1.0,6.4002759228394615
yelp_review_full,nlpaueb/sec-bert-base,kl,1.0,6.3129345997480995
yelp_review_full,nlpaueb/sec-bert-base,js,0.0,0.07413158078970028
yelp_review_full,nlpaueb/sec-bert-base,js,0.0,0.06148803410888409
yelp_review_full,nlpaueb/sec-bert-base,js,0.0,0.05641405886311747
yelp_review_full,nlpaueb/sec-bert-base,js,0.25,0.10148822879588337
yelp_review_full,nlpaueb/sec-bert-base,js,0.25,0.08763886779804253
yelp_review_full,nlpaueb/sec-bert-base,js,0.25,0.08695492633568076
yelp_review_full,nlpaueb/sec-bert-base,js,0.5,0.1522012840829634
yelp_review_full,nlpaueb/sec-bert-base,js,0.5,0.1479011443995038
yelp_review_full,nlpaueb/sec-bert-base,js,0.5,0.1493999335343942
yelp_review_full,nlpaueb/sec-bert-base,js,0.75,0.1886224448167293
yelp_review_full,nlpaueb/sec-bert-base,js,0.75,0.1994409005831257
yelp_review_full,nlpaueb/sec-bert-base,js,0.75,0.1948682140583521
yelp_review_full,nlpaueb/sec-bert-base,js,1.0,0.20808557273105954
yelp_review_full,nlpaueb/sec-bert-base,js,1.0,0.2185406724905574
yelp_review_full,nlpaueb/sec-bert-base,js,1.0,0.21026086305004132
yelp_review_full,nlpaueb/sec-bert-base,hellinger,0.0,0.3038890006971116
yelp_review_full,nlpaueb/sec-bert-base,hellinger,0.0,0.2779929240762394
yelp_review_full,nlpaueb/sec-bert-base,hellinger,0.0,0.266119514884303
yelp_review_full,nlpaueb/sec-bert-base,hellinger,0.25,0.3523003936046079
yelp_review_full,nlpaueb/sec-bert-base,hellinger,0.25,0.34130778879738055
yelp_review_full,nlpaueb/sec-bert-base,hellinger,0.25,0.3337740589291692
yelp_review_full,nlpaueb/sec-bert-base,hellinger,0.5,0.4411952861071668
yelp_review_full,nlpaueb/sec-bert-base,hellinger,0.5,0.42700324610979057
yelp_review_full,nlpaueb/sec-bert-base,hellinger,0.5,0.4333822479810343
yelp_review_full,nlpaueb/sec-bert-base,hellinger,0.75,0.5038106702944972
yelp_review_full,nlpaueb/sec-bert-base,hellinger,0.75,0.49965726950008515
yelp_review_full,nlpaueb/sec-bert-base,hellinger,0.75,0.5027010261347454
yelp_review_full,nlpaueb/sec-bert-base,hellinger,1.0,0.5277435266204993
yelp_review_full,nlpaueb/sec-bert-base,hellinger,1.0,0.5247207098974748
yelp_review_full,nlpaueb/sec-bert-base,hellinger,1.0,0.5287244301208455
yelp_review_full,nlpaueb/sec-bert-base,bhattacharyya,0.0,0.09689481143386265
yelp_review_full,nlpaueb/sec-bert-base,bhattacharyya,0.0,0.08042951994742151
yelp_review_full,nlpaueb/sec-bert-base,bhattacharyya,0.0,0.07345236713063677
yelp_review_full,nlpaueb/sec-bert-base,bhattacharyya,0.25,0.13457460753151407
yelp_review_full,nlpaueb/sec-bert-base,bhattacharyya,0.25,0.11099447832073216
yelp_review_full,nlpaueb/sec-bert-base,bhattacharyya,0.25,0.11259123680947627
yelp_review_full,nlpaueb/sec-bert-base,bhattacharyya,0.5,0.22625468312900401
yelp_review_full,nlpaueb/sec-bert-base,bhattacharyya,0.5,0.21263504072353231
yelp_review_full,nlpaueb/sec-bert-base,bhattacharyya,0.5,0.20786756419123875
yelp_review_full,nlpaueb/sec-bert-base,bhattacharyya,0.75,0.30165759966296674
yelp_review_full,nlpaueb/sec-bert-base,bhattacharyya,0.75,0.28036916174760895
yelp_review_full,nlpaueb/sec-bert-base,bhattacharyya,0.75,0.3022664176554018
yelp_review_full,nlpaueb/sec-bert-base,bhattacharyya,1.0,0.3201541926881511
yelp_review_full,nlpaueb/sec-bert-base,bhattacharyya,1.0,0.3134191576562946
yelp_review_full,nlpaueb/sec-bert-base,bhattacharyya,1.0,0.3302036090160592
yelp_review_full,nlpaueb/sec-bert-base,mmd,0.0,0.01663384400308132
yelp_review_full,nlpaueb/sec-bert-base,mmd,0.0,0.018647613003849983
yelp_review_full,nlpaueb/sec-bert-base,mmd,0.0,0.016311809420585632
yelp_review_full,nlpaueb/sec-bert-base,mmd,0.25,0.15524694323539734
yelp_review_full,nlpaueb/sec-bert-base,mmd,0.25,0.15004979074001312
yelp_review_full,nlpaueb/sec-bert-base,mmd,0.25,0.15011055767536163
yelp_review_full,nlpaueb/sec-bert-base,mmd,0.5,0.26774513721466064
yelp_review_full,nlpaueb/sec-bert-base,mmd,0.5,0.2628840208053589
yelp_review_full,nlpaueb/sec-bert-base,mmd,0.5,0.2614453136920929
yelp_review_full,nlpaueb/sec-bert-base,mmd,0.75,0.32760289311408997
yelp_review_full,nlpaueb/sec-bert-base,mmd,0.75,0.3242456018924713
yelp_review_full,nlpaueb/sec-bert-base,mmd,0.75,0.3230125308036804
yelp_review_full,nlpaueb/sec-bert-base,mmd,1.0,0.3495033085346222
yelp_review_full,nlpaueb/sec-bert-base,mmd,1.0,0.34706735610961914
yelp_review_full,nlpaueb/sec-bert-base,mmd,1.0,0.3453879654407501
yelp_review_full,nlpaueb/sec-bert-base,wasserstein,0.0,0.1266534214019775
yelp_review_full,nlpaueb/sec-bert-base,wasserstein,0.0,0.07814394440650937
yelp_review_full,nlpaueb/sec-bert-base,wasserstein,0.0,0.08488404359817509
yelp_review_full,nlpaueb/sec-bert-base,wasserstein,0.25,0.7126387761116029
yelp_review_full,nlpaueb/sec-bert-base,wasserstein,0.25,0.6664581598520278
yelp_review_full,nlpaueb/sec-bert-base,wasserstein,0.25,0.7043882759809494
yelp_review_full,nlpaueb/sec-bert-base,wasserstein,0.5,1.2840983991622925
yelp_review_full,nlpaueb/sec-bert-base,wasserstein,0.5,1.2559066765785216
yelp_review_full,nlpaueb/sec-bert-base,wasserstein,0.5,1.2746685482025146
yelp_review_full,nlpaueb/sec-bert-base,wasserstein,0.75,1.5977846506595612
yelp_review_full,nlpaueb/sec-bert-base,wasserstein,0.75,1.6088971630573274
yelp_review_full,nlpaueb/sec-bert-base,wasserstein,0.75,1.6136024806261062
yelp_review_full,nlpaueb/sec-bert-base,wasserstein,1.0,1.713522958421707
yelp_review_full,nlpaueb/sec-bert-base,wasserstein,1.0,1.7435194776296614
yelp_review_full,nlpaueb/sec-bert-base,wasserstein,1.0,1.7658657523155212
yelp_review_full,bert-base-uncased,kl,0.0,1.0730699920377726
yelp_review_full,bert-base-uncased,kl,0.0,1.0546702006162645
yelp_review_full,bert-base-uncased,kl,0.0,0.9897833943254524
yelp_review_full,bert-base-uncased,kl,0.25,2.0771887909490427
yelp_review_full,bert-base-uncased,kl,0.25,1.7564122886402438
yelp_review_full,bert-base-uncased,kl,0.25,2.005105343175356
yelp_review_full,bert-base-uncased,kl,0.5,3.6397706658473608
yelp_review_full,bert-base-uncased,kl,0.5,2.975298918943278
yelp_review_full,bert-base-uncased,kl,0.5,3.8418228597630204
yelp_review_full,bert-base-uncased,kl,0.75,4.179297484326246
yelp_review_full,bert-base-uncased,kl,0.75,3.8441598970538884
yelp_review_full,bert-base-uncased,kl,0.75,4.034487352299429
yelp_review_full,bert-base-uncased,kl,1.0,3.8444247810678
yelp_review_full,bert-base-uncased,kl,1.0,4.0838899476332715
yelp_review_full,bert-base-uncased,kl,1.0,4.492628942475246
yelp_review_full,bert-base-uncased,js,0.0,0.05927156585733035
yelp_review_full,bert-base-uncased,js,0.0,0.05757912740960398
yelp_review_full,bert-base-uncased,js,0.0,0.05821553435182276
yelp_review_full,bert-base-uncased,js,0.25,0.13977624741557187
yelp_review_full,bert-base-uncased,js,0.25,0.13007425246240667
yelp_review_full,bert-base-uncased,js,0.25,0.15403441913622323
yelp_review_full,bert-base-uncased,js,0.5,0.2224656937000431
yelp_review_full,bert-base-uncased,js,0.5,0.20038081725081675
yelp_review_full,bert-base-uncased,js,0.5,0.2355809258605785
yelp_review_full,bert-base-uncased,js,0.75,0.21448538034626746
yelp_review_full,bert-base-uncased,js,0.75,0.20096587148438097
yelp_review_full,bert-base-uncased,js,0.75,0.2292052762775377
yelp_review_full,bert-base-uncased,js,1.0,0.2055399400388652
yelp_review_full,bert-base-uncased,js,1.0,0.1900680457439806
yelp_review_full,bert-base-uncased,js,1.0,0.21875581832658353
yelp_review_full,bert-base-uncased,hellinger,0.0,0.2690981513429978
yelp_review_full,bert-base-uncased,hellinger,0.0,0.26511598737234726
yelp_review_full,bert-base-uncased,hellinger,0.0,0.2665982553145942
yelp_review_full,bert-base-uncased,hellinger,0.25,0.4238209340058279
yelp_review_full,bert-base-uncased,hellinger,0.25,0.4026645559590683
yelp_review_full,bert-base-uncased,hellinger,0.25,0.4478030401420126
yelp_review_full,bert-base-uncased,hellinger,0.5,0.5197327649602951
yelp_review_full,bert-base-uncased,hellinger,0.5,0.4925359551830445
yelp_review_full,bert-base-uncased,hellinger,0.5,0.5347268714955424
yelp_review_full,bert-base-uncased,hellinger,0.75,0.5198788041552314
yelp_review_full,bert-base-uncased,hellinger,0.75,0.4923044822639707
yelp_review_full,bert-base-uncased,hellinger,0.75,0.5309733633031811
yelp_review_full,bert-base-uncased,hellinger,1.0,0.5228159780989644
yelp_review_full,bert-base-uncased,hellinger,1.0,0.49042032253715706
yelp_review_full,bert-base-uncased,hellinger,1.0,0.5281472318821807
yelp_review_full,bert-base-uncased,bhattacharyya,0.0,0.07516956651860111
yelp_review_full,bert-base-uncased,bhattacharyya,0.0,0.07287879005633477
yelp_review_full,bert-base-uncased,bhattacharyya,0.0,0.07372687630020276
yelp_review_full,bert-base-uncased,bhattacharyya,0.25,0.1920308272359408
yelp_review_full,bert-base-uncased,bhattacharyya,0.25,0.18666557072968207
yelp_review_full,bert-base-uncased,bhattacharyya,0.25,0.2108694502275082
yelp_review_full,bert-base-uncased,bhattacharyya,0.5,0.3137272595947921
yelp_review_full,bert-base-uncased,bhattacharyya,0.5,0.2934134627227257
yelp_review_full,bert-base-uncased,bhattacharyya,0.5,0.332294225475284
yelp_review_full,bert-base-uncased,bhattacharyya,0.75,0.30627914018898295
yelp_review_full,bert-base-uncased,bhattacharyya,0.75,0.28339027801799277
yelp_review_full,bert-base-uncased,bhattacharyya,0.75,0.33914501039472367
yelp_review_full,bert-base-uncased,bhattacharyya,1.0,0.2998347388247908
yelp_review_full,bert-base-uncased,bhattacharyya,1.0,0.27896439697904696
yelp_review_full,bert-base-uncased,bhattacharyya,1.0,0.32777802041562915
yelp_review_full,bert-base-uncased,mmd,0.0,0.015678314492106438
yelp_review_full,bert-base-uncased,mmd,0.0,0.020528146997094154
yelp_review_full,bert-base-uncased,mmd,0.0,0.01748633198440075
yelp_review_full,bert-base-uncased,mmd,0.25,0.37422657012939453
yelp_review_full,bert-base-uncased,mmd,0.25,0.37401753664016724
yelp_review_full,bert-base-uncased,mmd,0.25,0.38025668263435364
yelp_review_full,bert-base-uncased,mmd,0.5,0.5277929306030273
yelp_review_full,bert-base-uncased,mmd,0.5,0.5292431116104126
yelp_review_full,bert-base-uncased,mmd,0.5,0.5293622612953186
yelp_review_full,bert-base-uncased,mmd,0.75,0.5659186244010925
yelp_review_full,bert-base-uncased,mmd,0.75,0.5702850222587585
yelp_review_full,bert-base-uncased,mmd,0.75,0.5723660588264465
yelp_review_full,bert-base-uncased,mmd,1.0,0.5678799748420715
yelp_review_full,bert-base-uncased,mmd,1.0,0.574325680732727
yelp_review_full,bert-base-uncased,mmd,1.0,0.5729590058326721
yelp_review_full,bert-base-uncased,wasserstein,0.0,0.12753657713532449
yelp_review_full,bert-base-uncased,wasserstein,0.0,0.1520555467665196
yelp_review_full,bert-base-uncased,wasserstein,0.0,0.09923884967863554
yelp_review_full,bert-base-uncased,wasserstein,0.25,1.9416233841955663
yelp_review_full,bert-base-uncased,wasserstein,0.25,1.836925686478615
yelp_review_full,bert-base-uncased,wasserstein,0.25,2.273118590256572
yelp_review_full,bert-base-uncased,wasserstein,0.5,2.8516240398585797
yelp_review_full,bert-base-uncased,wasserstein,0.5,2.76658541572839
yelp_review_full,bert-base-uncased,wasserstein,0.5,3.2140203936070204
yelp_review_full,bert-base-uncased,wasserstein,0.75,2.6684990403771405
yelp_review_full,bert-base-uncased,wasserstein,0.75,2.5758617621541022
yelp_review_full,bert-base-uncased,wasserstein,0.75,3.085869681891799
yelp_review_full,bert-base-uncased,wasserstein,1.0,2.4891227697134015
yelp_review_full,bert-base-uncased,wasserstein,1.0,2.2485574475288392
yelp_review_full,bert-base-uncased,wasserstein,1.0,2.780298815280199
wikitext,nlpaueb/sec-bert-base,kl,0.0,0.8894637742253935
wikitext,nlpaueb/sec-bert-base,kl,0.0,1.0364344967661203
wikitext,nlpaueb/sec-bert-base,kl,0.0,0.8990571550761074
wikitext,nlpaueb/sec-bert-base,kl,0.25,0.8491079405976324
wikitext,nlpaueb/sec-bert-base,kl,0.25,1.3179524214996081
wikitext,nlpaueb/sec-bert-base,kl,0.25,0.8676759929463221
wikitext,nlpaueb/sec-bert-base,kl,0.5,1.5765772028279157
wikitext,nlpaueb/sec-bert-base,kl,0.5,2.050556459832863
wikitext,nlpaueb/sec-bert-base,kl,0.5,1.4675775097097281
wikitext,nlpaueb/sec-bert-base,kl,0.75,1.9854897858122869
wikitext,nlpaueb/sec-bert-base,kl,0.75,2.4336823338898284
wikitext,nlpaueb/sec-bert-base,kl,0.75,2.1934895072027722
wikitext,nlpaueb/sec-bert-base,kl,1.0,2.77996314861259
wikitext,nlpaueb/sec-bert-base,kl,1.0,3.156155145726883
wikitext,nlpaueb/sec-bert-base,kl,1.0,3.883003502466299
wikitext,nlpaueb/sec-bert-base,js,0.0,0.045153309470219116
wikitext,nlpaueb/sec-bert-base,js,0.0,0.05184651046090204
wikitext,nlpaueb/sec-bert-base,js,0.0,0.04550722128897023
wikitext,nlpaueb/sec-bert-base,js,0.25,0.05943783422959511
wikitext,nlpaueb/sec-bert-base,js,0.25,0.0675364006609043
wikitext,nlpaueb/sec-bert-base,js,0.25,0.05621803289159771
wikitext,nlpaueb/sec-bert-base,js,0.5,0.1011733307927341
wikitext,nlpaueb/sec-bert-base,js,0.5,0.11122386380058347
wikitext,nlpaueb/sec-bert-base,js,0.5,0.10118381584667024
wikitext,nlpaueb/sec-bert-base,js,0.75,0.1347795451767491
wikitext,nlpaueb/sec-bert-base,js,0.75,0.14827295062682377
wikitext,nlpaueb/sec-bert-base,js,0.75,0.13934751453459304
wikitext,nlpaueb/sec-bert-base,js,1.0,0.16182420744152118
wikitext,nlpaueb/sec-bert-base,js,1.0,0.17015950900585278
wikitext,nlpaueb/sec-bert-base,js,1.0,0.16042501378464874
wikitext,nlpaueb/sec-bert-base,hellinger,0.0,0.24051721481343075
wikitext,nlpaueb/sec-bert-base,hellinger,0.0,0.2576890509080091
wikitext,nlpaueb/sec-bert-base,hellinger,0.0,0.24305554265037602
wikitext,nlpaueb/sec-bert-base,hellinger,0.25,0.2681875143612037
wikitext,nlpaueb/sec-bert-base,hellinger,0.25,0.2836723340128104
wikitext,nlpaueb/sec-bert-base,hellinger,0.25,0.27269103721258536
wikitext,nlpaueb/sec-bert-base,hellinger,0.5,0.3417566422979976
wikitext,nlpaueb/sec-bert-base,hellinger,0.5,0.36499978917977904
wikitext,nlpaueb/sec-bert-base,hellinger,0.5,0.35496497395468063
wikitext,nlpaueb/sec-bert-base,hellinger,0.75,0.4105245795401386
wikitext,nlpaueb/sec-bert-base,hellinger,0.75,0.42803530205662865
wikitext,nlpaueb/sec-bert-base,hellinger,0.75,0.4178878317747523
wikitext,nlpaueb/sec-bert-base,hellinger,1.0,0.43066311263535156
wikitext,nlpaueb/sec-bert-base,hellinger,1.0,0.4574024451426605
wikitext,nlpaueb/sec-bert-base,hellinger,1.0,0.4470329002218177
wikitext,nlpaueb/sec-bert-base,bhattacharyya,0.0,0.059589221181993925
wikitext,nlpaueb/sec-bert-base,bhattacharyya,0.0,0.06871110372529132
wikitext,nlpaueb/sec-bert-base,bhattacharyya,0.0,0.060892903766048334
wikitext,nlpaueb/sec-bert-base,bhattacharyya,0.25,0.07561382997885638
wikitext,nlpaueb/sec-bert-base,bhattacharyya,0.25,0.0896685363163555
wikitext,nlpaueb/sec-bert-base,bhattacharyya,0.25,0.0744520968309862
wikitext,nlpaueb/sec-bert-base,bhattacharyya,0.5,0.12713274834778165
wikitext,nlpaueb/sec-bert-base,bhattacharyya,0.5,0.14725110873342248
wikitext,nlpaueb/sec-bert-base,bhattacharyya,0.5,0.1269031772916632
wikitext,nlpaueb/sec-bert-base,bhattacharyya,0.75,0.17643755348912976
wikitext,nlpaueb/sec-bert-base,bhattacharyya,0.75,0.2084828727668633
wikitext,nlpaueb/sec-bert-base,bhattacharyya,0.75,0.1915050495250028
wikitext,nlpaueb/sec-bert-base,bhattacharyya,1.0,0.22216165507719407
wikitext,nlpaueb/sec-bert-base,bhattacharyya,1.0,0.2561168512031437
wikitext,nlpaueb/sec-bert-base,bhattacharyya,1.0,0.22628947117478995
wikitext,nlpaueb/sec-bert-base,mmd,0.0,0.017854008823633194
wikitext,nlpaueb/sec-bert-base,mmd,0.0,0.019971836358308792
wikitext,nlpaueb/sec-bert-base,mmd,0.0,0.013188114389777184
wikitext,nlpaueb/sec-bert-base,mmd,0.25,0.07209303230047226
wikitext,nlpaueb/sec-bert-base,mmd,0.25,0.07245590537786484
wikitext,nlpaueb/sec-bert-base,mmd,0.25,0.0736779049038887
wikitext,nlpaueb/sec-bert-base,mmd,0.5,0.12748302519321442
wikitext,nlpaueb/sec-bert-base,mmd,0.5,0.12474558502435684
wikitext,nlpaueb/sec-bert-base,mmd,0.5,0.12873737514019012
wikitext,nlpaueb/sec-bert-base,mmd,0.75,0.1562274843454361
wikitext,nlpaueb/sec-bert-base,mmd,0.75,0.15193630754947662
wikitext,nlpaueb/sec-bert-base,mmd,0.75,0.15641281008720398
wikitext,nlpaueb/sec-bert-base,mmd,1.0,0.16440293192863464
wikitext,nlpaueb/sec-bert-base,mmd,1.0,0.16150930523872375
wikitext,nlpaueb/sec-bert-base,mmd,1.0,0.16512644290924072
wikitext,nlpaueb/sec-bert-base,wasserstein,0.0,0.1988677947402
wikitext,nlpaueb/sec-bert-base,wasserstein,0.0,0.2524412897825241
wikitext,nlpaueb/sec-bert-base,wasserstein,0.0,0.1099129173994064
wikitext,nlpaueb/sec-bert-base,wasserstein,0.25,0.38071145093441006
wikitext,nlpaueb/sec-bert-base,wasserstein,0.25,0.36676722912788395
wikitext,nlpaueb/sec-bert-base,wasserstein,0.25,0.2781275108933448
wikitext,nlpaueb/sec-bert-base,wasserstein,0.5,0.5953590137004852
wikitext,nlpaueb/sec-bert-base,wasserstein,0.5,0.579164975297451
wikitext,nlpaueb/sec-bert-base,wasserstein,0.5,0.4986724492073059
wikitext,nlpaueb/sec-bert-base,wasserstein,0.75,0.7454032477259637
wikitext,nlpaueb/sec-bert-base,wasserstein,0.75,0.7364620459914208
wikitext,nlpaueb/sec-bert-base,wasserstein,0.75,0.6645126303315163
wikitext,nlpaueb/sec-bert-base,wasserstein,1.0,0.7871082960963249
wikitext,nlpaueb/sec-bert-base,wasserstein,1.0,0.8207564083576202
wikitext,nlpaueb/sec-bert-base,wasserstein,1.0,0.742709436571598
wikitext,bert-base-uncased,kl,0.0,0.2851998954217493
wikitext,bert-base-uncased,kl,0.0,0.3164653874597565
wikitext,bert-base-uncased,kl,0.0,0.24511498833884154
wikitext,bert-base-uncased,kl,0.25,5.681222597341781
wikitext,bert-base-uncased,kl,0.25,5.950993059208007
wikitext,bert-base-uncased,kl,0.25,5.715528705497135
wikitext,bert-base-uncased,kl,0.5,8.39155997227341
wikitext,bert-base-uncased,kl,0.5,8.752789016074681
wikitext,bert-base-uncased,kl,0.5,7.819230749107308
wikitext,bert-base-uncased,kl,0.75,9.093046913032838
wikitext,bert-base-uncased,kl,0.75,9.139603757428633
wikitext,bert-base-uncased,kl,0.75,8.885934925188197
wikitext,bert-base-uncased,kl,1.0,8.767135032600864
wikitext,bert-base-uncased,kl,1.0,9.063640439841715
wikitext,bert-base-uncased,kl,1.0,8.826210991779023
wikitext,bert-base-uncased,js,0.0,0.016724143928589032
wikitext,bert-base-uncased,js,0.0,0.018789344311984448
wikitext,bert-base-uncased,js,0.0,0.017552511316880216
wikitext,bert-base-uncased,js,0.25,0.18807706771003446
wikitext,bert-base-uncased,js,0.25,0.19208892933488864
wikitext,bert-base-uncased,js,0.25,0.19531056363023663
wikitext,bert-base-uncased,js,0.5,0.23113028218204995
wikitext,bert-base-uncased,js,0.5,0.2327533855441851
wikitext,bert-base-uncased,js,0.5,0.23325376728113367
wikitext,bert-base-uncased,js,0.75,0.23998879524182773
wikitext,bert-base-uncased,js,0.75,0.24067284068910771
wikitext,bert-base-uncased,js,0.75,0.2431935835775761
wikitext,bert-base-uncased,js,1.0,0.24550787959573686
wikitext,bert-base-uncased,js,1.0,0.24432011232089293
wikitext,bert-base-uncased,js,1.0,0.24147814328158174
wikitext,bert-base-uncased,hellinger,0.0,0.14453213922883823
wikitext,bert-base-uncased,hellinger,0.0,0.14776189300769293
wikitext,bert-base-uncased,hellinger,0.0,0.1446350410032799
wikitext,bert-base-uncased,hellinger,0.25,0.4918804084104683
wikitext,bert-base-uncased,hellinger,0.25,0.5000800548052174
wikitext,bert-base-uncased,hellinger,0.25,0.4950323260042764
wikitext,bert-base-uncased,hellinger,0.5,0.5542278081183624
wikitext,bert-base-uncased,hellinger,0.5,0.5544987103994508
wikitext,bert-base-uncased,hellinger,0.5,0.5534428962705834
wikitext,bert-base-uncased,hellinger,0.75,0.5630347494342797
wikitext,bert-base-uncased,hellinger,0.75,0.5592015825906576
wikitext,bert-base-uncased,hellinger,0.75,0.5607924211347102
wikitext,bert-base-uncased,hellinger,1.0,0.5685924952311093
wikitext,bert-base-uncased,hellinger,1.0,0.5632958147897968
wikitext,bert-base-uncased,hellinger,1.0,0.5636987150183296
wikitext,bert-base-uncased,bhattacharyya,0.0,0.021110811873825644
wikitext,bert-base-uncased,bhattacharyya,0.0,0.02207545600617394
wikitext,bert-base-uncased,bhattacharyya,0.0,0.021141203007191686
wikitext,bert-base-uncased,bhattacharyya,0.25,0.26786521136775177
wikitext,bert-base-uncased,bhattacharyya,0.25,0.2844453871786484
wikitext,bert-base-uncased,bhattacharyya,0.25,0.2784106487046141
wikitext,bert-base-uncased,bhattacharyya,0.5,0.3586655007802582
wikitext,bert-base-uncased,bhattacharyya,0.5,0.36265651458614584
wikitext,bert-base-uncased,bhattacharyya,0.5,0.36121763617006325
wikitext,bert-base-uncased,bhattacharyya,0.75,0.3808660277360135
wikitext,bert-base-uncased,bhattacharyya,0.75,0.3792431808962053
wikitext,bert-base-uncased,bhattacharyya,0.75,0.38041670849408554
wikitext,bert-base-uncased,bhattacharyya,1.0,0.38597430499653546
wikitext,bert-base-uncased,bhattacharyya,1.0,0.381013965086205
wikitext,bert-base-uncased,bhattacharyya,1.0,0.3857033533971118
wikitext,bert-base-uncased,mmd,0.0,0.01937190815806389
wikitext,bert-base-uncased,mmd,0.0,0.023317666724324226
wikitext,bert-base-uncased,mmd,0.0,0.011698387563228607
wikitext,bert-base-uncased,mmd,0.25,0.12788867950439453
wikitext,bert-base-uncased,mmd,0.25,0.1191176101565361
wikitext,bert-base-uncased,mmd,0.25,0.1259959638118744
wikitext,bert-base-uncased,mmd,0.5,0.16421356797218323
wikitext,bert-base-uncased,mmd,0.5,0.15476705133914948
wikitext,bert-base-uncased,mmd,0.5,0.1617036759853363
wikitext,bert-base-uncased,mmd,0.75,0.17522698640823364
wikitext,bert-base-uncased,mmd,0.75,0.16643552482128143
wikitext,bert-base-uncased,mmd,0.75,0.17364801466464996
wikitext,bert-base-uncased,mmd,1.0,0.17918623983860016
wikitext,bert-base-uncased,mmd,1.0,0.16951237618923187
wikitext,bert-base-uncased,mmd,1.0,0.17730224132537842
wikitext,bert-base-uncased,wasserstein,0.0,0.3994342086315156
wikitext,bert-base-uncased,wasserstein,0.0,0.5174216038942334
wikitext,bert-base-uncased,wasserstein,0.0,0.11020480563640676
wikitext,bert-base-uncased,wasserstein,0.25,1.7132103119373325
wikitext,bert-base-uncased,wasserstein,0.25,1.76873331618309
wikitext,bert-base-uncased,wasserstein,0.25,1.4957582488298424
wikitext,bert-base-uncased,wasserstein,0.5,2.029538671934605
wikitext,bert-base-uncased,wasserstein,0.5,2.0432448484659194
wikitext,bert-base-uncased,wasserstein,0.5,1.8269240922331818
wikitext,bert-base-uncased,wasserstein,0.75,2.1453901757836347
wikitext,bert-base-uncased,wasserstein,0.75,2.1663855358242987
wikitext,bert-base-uncased,wasserstein,0.75,1.961441471982003
wikitext,bert-base-uncased,wasserstein,1.0,2.214077685403824
wikitext,bert-base-uncased,wasserstein,1.0,2.221731532216072
wikitext,bert-base-uncased,wasserstein,1.0,2.0205220485448843
ag_news,nlpaueb/sec-bert-base,kl,0.0,0.9014401531715392
ag_news,nlpaueb/sec-bert-base,kl,0.0,0.672017935017214
ag_news,nlpaueb/sec-bert-base,kl,0.0,0.9239618121612527
ag_news,nlpaueb/sec-bert-base,kl,0.25,1.3891583675517079
ag_news,nlpaueb/sec-bert-base,kl,0.25,1.298702980012535
ag_news,nlpaueb/sec-bert-base,kl,0.25,1.2492356299103218
ag_news,nlpaueb/sec-bert-base,kl,0.5,2.6411675576672136
ag_news,nlpaueb/sec-bert-base,kl,0.5,3.075864275168777
ag_news,nlpaueb/sec-bert-base,kl,0.5,2.883844856952213
ag_news,nlpaueb/sec-bert-base,kl,0.75,3.8804492771546713
ag_news,nlpaueb/sec-bert-base,kl,0.75,4.268393240643304
ag_news,nlpaueb/sec-bert-base,kl,0.75,4.434096333589605
ag_news,nlpaueb/sec-bert-base,kl,1.0,4.6524870298131455
ag_news,nlpaueb/sec-bert-base,kl,1.0,5.056286605526868
ag_news,nlpaueb/sec-bert-base,kl,1.0,5.188324984913343
ag_news,nlpaueb/sec-bert-base,js,0.0,0.05637836221780329
ag_news,nlpaueb/sec-bert-base,js,0.0,0.054189653021284714
ag_news,nlpaueb/sec-bert-base,js,0.0,0.05480554887271545
ag_news,nlpaueb/sec-bert-base,js,0.25,0.07254249792481583
ag_news,nlpaueb/sec-bert-base,js,0.25,0.07627190274994264
ag_news,nlpaueb/sec-bert-base,js,0.25,0.07020166168639613
ag_news,nlpaueb/sec-bert-base,js,0.5,0.12306705080694177
ag_news,nlpaueb/sec-bert-base,js,0.5,0.13530451205791127
ag_news,nlpaueb/sec-bert-base,js,0.5,0.122842789916421
ag_news,nlpaueb/sec-bert-base,js,0.75,0.17292472089862493
ag_news,nlpaueb/sec-bert-base,js,0.75,0.1777903774873258
ag_news,nlpaueb/sec-bert-base,js,0.75,0.1706216984187897
ag_news,nlpaueb/sec-bert-base,js,1.0,0.21298195873164594
ag_news,nlpaueb/sec-bert-base,js,1.0,0.2046290316123885
ag_news,nlpaueb/sec-bert-base,js,1.0,0.20492463904704916
ag_news,nlpaueb/sec-bert-base,hellinger,0.0,0.2608370561723641
ag_news,nlpaueb/sec-bert-base,hellinger,0.0,0.252475890243449
ag_news,nlpaueb/sec-bert-base,hellinger,0.0,0.2571333765125192
ag_news,nlpaueb/sec-bert-base,hellinger,0.25,0.29923721638960454
ag_news,nlpaueb/sec-bert-base,hellinger,0.25,0.3009636480558071
ag_news,nlpaueb/sec-bert-base,hellinger,0.25,0.28571367464933767
ag_news,nlpaueb/sec-bert-base,hellinger,0.5,0.3955439516651364
ag_news,nlpaueb/sec-bert-base,hellinger,0.5,0.39693764821218425
ag_news,nlpaueb/sec-bert-base,hellinger,0.5,0.38642180359680517
ag_news,nlpaueb/sec-bert-base,hellinger,0.75,0.4737495938935623
ag_news,nlpaueb/sec-bert-base,hellinger,0.75,0.47248793411227463
ag_news,nlpaueb/sec-bert-base,hellinger,0.75,0.46510750424757225
ag_news,nlpaueb/sec-bert-base,hellinger,1.0,0.5128375745549691
ag_news,nlpaueb/sec-bert-base,hellinger,1.0,0.5149104193789585
ag_news,nlpaueb/sec-bert-base,hellinger,1.0,0.5091971209204892
ag_news,nlpaueb/sec-bert-base,bhattacharyya,0.0,0.0704610588365469
ag_news,nlpaueb/sec-bert-base,bhattacharyya,0.0,0.06586641539927608
ag_news,nlpaueb/sec-bert-base,bhattacharyya,0.0,0.06840472968739027
ag_news,nlpaueb/sec-bert-base,bhattacharyya,0.25,0.10028849183871165
ag_news,nlpaueb/sec-bert-base,bhattacharyya,0.25,0.08613499646964555
ag_news,nlpaueb/sec-bert-base,bhattacharyya,0.25,0.09133074424312301
ag_news,nlpaueb/sec-bert-base,bhattacharyya,0.5,0.17022829431236144
ag_news,nlpaueb/sec-bert-base,bhattacharyya,0.5,0.17426326502630038
ag_news,nlpaueb/sec-bert-base,bhattacharyya,0.5,0.15885306189921777
ag_news,nlpaueb/sec-bert-base,bhattacharyya,0.75,0.24482742737784735
ag_news,nlpaueb/sec-bert-base,bhattacharyya,0.75,0.2479453521770827
ag_news,nlpaueb/sec-bert-base,bhattacharyya,0.75,0.23416685947978608
ag_news,nlpaueb/sec-bert-base,bhattacharyya,1.0,0.296278313441251
ag_news,nlpaueb/sec-bert-base,bhattacharyya,1.0,0.31354960318893943
ag_news,nlpaueb/sec-bert-base,bhattacharyya,1.0,0.2923901232987521
ag_news,nlpaueb/sec-bert-base,mmd,0.0,0.016879282891750336
ag_news,nlpaueb/sec-bert-base,mmd,0.0,0.017713239416480064
ag_news,nlpaueb/sec-bert-base,mmd,0.0,0.016882814466953278
ag_news,nlpaueb/sec-bert-base,mmd,0.25,0.10113552957773209
ag_news,nlpaueb/sec-bert-base,mmd,0.25,0.09873367846012115
ag_news,nlpaueb/sec-bert-base,mmd,0.25,0.09661740064620972
ag_news,nlpaueb/sec-bert-base,mmd,0.5,0.194091334939003
ag_news,nlpaueb/sec-bert-base,mmd,0.5,0.19156032800674438
ag_news,nlpaueb/sec-bert-base,mmd,0.5,0.18601880967617035
ag_news,nlpaueb/sec-bert-base,mmd,0.75,0.2499220222234726
ag_news,nlpaueb/sec-bert-base,mmd,0.75,0.2516041696071625
ag_news,nlpaueb/sec-bert-base,mmd,0.75,0.24509505927562714
ag_news,nlpaueb/sec-bert-base,mmd,1.0,0.2865089774131775
ag_news,nlpaueb/sec-bert-base,mmd,1.0,0.2863254249095917
ag_news,nlpaueb/sec-bert-base,mmd,1.0,0.27838370203971863
ag_news,nlpaueb/sec-bert-base,wasserstein,0.0,0.09494381682872777
ag_news,nlpaueb/sec-bert-base,wasserstein,0.0,0.1222532420158386
ag_news,nlpaueb/sec-bert-base,wasserstein,0.0,0.10522432169914245
ag_news,nlpaueb/sec-bert-base,wasserstein,0.25,0.7152610474586487
ag_news,nlpaueb/sec-bert-base,wasserstein,0.25,0.6478724786996841
ag_news,nlpaueb/sec-bert-base,wasserstein,0.25,0.6730632515192032
ag_news,nlpaueb/sec-bert-base,wasserstein,0.5,1.3532144401550292
ag_news,nlpaueb/sec-bert-base,wasserstein,0.5,1.2466589033603668
ag_news,nlpaueb/sec-bert-base,wasserstein,0.5,1.4269147180080413
ag_news,nlpaueb/sec-bert-base,wasserstein,0.75,1.8255006420850755
ag_news,nlpaueb/sec-bert-base,wasserstein,0.75,1.7188731177568437
ag_news,nlpaueb/sec-bert-base,wasserstein,0.75,1.896196372795105
ag_news,nlpaueb/sec-bert-base,wasserstein,1.0,2.0919036067962646
ag_news,nlpaueb/sec-bert-base,wasserstein,1.0,1.965858902311325
ag_news,nlpaueb/sec-bert-base,wasserstein,1.0,2.238979713988304
ag_news,bert-base-uncased,kl,0.0,1.15061277772748
ag_news,bert-base-uncased,kl,0.0,0.9147897810370944
ag_news,bert-base-uncased,kl,0.0,1.1327505494992667
ag_news,bert-base-uncased,kl,0.25,2.9141436268396124
ag_news,bert-base-uncased,kl,0.25,2.7578300184755107
ag_news,bert-base-uncased,kl,0.25,2.7979833352620167
ag_news,bert-base-uncased,kl,0.5,4.582432893082616
ag_news,bert-base-uncased,kl,0.5,5.026196754236952
ag_news,bert-base-uncased,kl,0.5,4.512474899738047
ag_news,bert-base-uncased,kl,0.75,6.314465771522304
ag_news,bert-base-uncased,kl,0.75,6.847698514739536
ag_news,bert-base-uncased,kl,0.75,6.339553822019154
ag_news,bert-base-uncased,kl,1.0,6.379515249753769
ag_news,bert-base-uncased,kl,1.0,6.769065456961675
ag_news,bert-base-uncased,kl,1.0,6.271193737265634
ag_news,bert-base-uncased,js,0.0,0.06372069494462917
ag_news,bert-base-uncased,js,0.0,0.05628489839816081
ag_news,bert-base-uncased,js,0.0,0.06468083185148975
ag_news,bert-base-uncased,js,0.25,0.10908561480809015
ag_news,bert-base-uncased,js,0.25,0.10479184677809981
ag_news,bert-base-uncased,js,0.25,0.10059203100432468
ag_news,bert-base-uncased,js,0.5,0.1681344583328615
ag_news,bert-base-uncased,js,0.5,0.17726494512747115
ag_news,bert-base-uncased,js,0.5,0.15389924810930294
ag_news,bert-base-uncased,js,0.75,0.19455122651287166
ag_news,bert-base-uncased,js,0.75,0.2105675466489117
ag_news,bert-base-uncased,js,0.75,0.18304592731992336
ag_news,bert-base-uncased,js,1.0,0.20816831340969089
ag_news,bert-base-uncased,js,1.0,0.22042120968826237
ag_news,bert-base-uncased,js,1.0,0.19126804339245845
ag_news,bert-base-uncased,hellinger,0.0,0.28063869821827025
ag_news,bert-base-uncased,hellinger,0.0,0.2634089000016018
ag_news,bert-base-uncased,hellinger,0.0,0.28319826856660363
ag_news,bert-base-uncased,hellinger,0.25,0.3709286298654242
ag_news,bert-base-uncased,hellinger,0.25,0.35785194698743034
ag_news,bert-base-uncased,hellinger,0.25,0.34750543140534335
ag_news,bert-base-uncased,hellinger,0.5,0.457853736714376
ag_news,bert-base-uncased,hellinger,0.5,0.4673465364391451
ag_news,bert-base-uncased,hellinger,0.5,0.4365024104870521
ag_news,bert-base-uncased,hellinger,0.75,0.49931714658974413
ag_news,bert-base-uncased,hellinger,0.75,0.5102258500318783
ag_news,bert-base-uncased,hellinger,0.75,0.47525390790578076
ag_news,bert-base-uncased,hellinger,1.0,0.5155406408605833
ag_news,bert-base-uncased,hellinger,1.0,0.5289205525622136
ag_news,bert-base-uncased,hellinger,1.0,0.5042861644134785
ag_news,bert-base-uncased,bhattacharyya,0.0,0.08203260458368274
ag_news,bert-base-uncased,bhattacharyya,0.0,0.0719088131766442
ag_news,bert-base-uncased,bhattacharyya,0.0,0.08360039252002263
ag_news,bert-base-uncased,bhattacharyya,0.25,0.14450820685244098
ag_news,bert-base-uncased,bhattacharyya,0.25,0.13636690690459707
ag_news,bert-base-uncased,bhattacharyya,0.25,0.131109453540387
ag_news,bert-base-uncased,bhattacharyya,0.5,0.23124562251471836
ag_news,bert-base-uncased,bhattacharyya,0.5,0.2400290126057869
ag_news,bert-base-uncased,bhattacharyya,0.5,0.20497924123026362
ag_news,bert-base-uncased,bhattacharyya,0.75,0.28188131797401633
ag_news,bert-base-uncased,bhattacharyya,0.75,0.30512288808596294
ag_news,bert-base-uncased,bhattacharyya,0.75,0.2554807215611248
ag_news,bert-base-uncased,bhattacharyya,1.0,0.3066437946899617
ag_news,bert-base-uncased,bhattacharyya,1.0,0.3207604496161754
ag_news,bert-base-uncased,bhattacharyya,1.0,0.2854269010209714
ag_news,bert-base-uncased,mmd,0.0,0.0166015625
ag_news,bert-base-uncased,mmd,0.0,0.018033383414149284
ag_news,bert-base-uncased,mmd,0.0,0.018128981813788414
ag_news,bert-base-uncased,mmd,0.25,0.18952201306819916
ag_news,bert-base-uncased,mmd,0.25,0.1869865357875824
ag_news,bert-base-uncased,mmd,0.25,0.18645919859409332
ag_news,bert-base-uncased,mmd,0.5,0.2942466735839844
ag_news,bert-base-uncased,mmd,0.5,0.2908836901187897
ag_news,bert-base-uncased,mmd,0.5,0.28796881437301636
ag_news,bert-base-uncased,mmd,0.75,0.3309551179409027
ag_news,bert-base-uncased,mmd,0.75,0.32988810539245605
ag_news,bert-base-uncased,mmd,0.75,0.3278374969959259
ag_news,bert-base-uncased,mmd,1.0,0.3405626118183136
ag_news,bert-base-uncased,mmd,1.0,0.3384726047515869
ag_news,bert-base-uncased,mmd,1.0,0.33826544880867004
ag_news,bert-base-uncased,wasserstein,0.0,0.11915321639776236
ag_news,bert-base-uncased,wasserstein,0.0,0.11223553619980813
ag_news,bert-base-uncased,wasserstein,0.0,0.1276027864724398
ag_news,bert-base-uncased,wasserstein,0.25,1.610497909295559
ag_news,bert-base-uncased,wasserstein,0.25,1.5637753176540135
ag_news,bert-base-uncased,wasserstein,0.25,1.440302393886447
ag_news,bert-base-uncased,wasserstein,0.5,2.253007359609008
ag_news,bert-base-uncased,wasserstein,0.5,2.308523948198557
ag_news,bert-base-uncased,wasserstein,0.5,2.1328101032346485
ag_news,bert-base-uncased,wasserstein,0.75,2.5320808382809163
ag_news,bert-base-uncased,wasserstein,0.75,2.5981913519322872
ag_news,bert-base-uncased,wasserstein,0.75,2.4086644389986995
ag_news,bert-base-uncased,wasserstein,1.0,2.6056371925115585
ag_news,bert-base-uncased,wasserstein,1.0,2.7575384266614913
ag_news,bert-base-uncased,wasserstein,1.0,2.5284482775986197
