Dataset,Model,Measure,Drift Strength,Mean,Std
yelp_review_full,nlpaueb/sec-bert-base,kl,0.0,87.87194838047738,15.73625112504537
yelp_review_full,nlpaueb/sec-bert-base,kl,0.25,109.59206142626367,21.58436216277892
yelp_review_full,nlpaueb/sec-bert-base,kl,0.5,134.53328227056363,26.071187187777934
yelp_review_full,nlpaueb/sec-bert-base,kl,0.75,158.01355980250574,31.670048975846846
yelp_review_full,nlpaueb/sec-bert-base,kl,1.0,165.475172827188,32.83597183503604
yelp_review_full,nlpaueb/sec-bert-base,js,0.0,2.918374372709072,0.547659458881617
yelp_review_full,nlpaueb/sec-bert-base,js,0.25,3.342565819528298,0.6088347291043668
yelp_review_full,nlpaueb/sec-bert-base,js,0.5,3.9964946730217115,0.8798434416500281
yelp_review_full,nlpaueb/sec-bert-base,js,0.75,4.414567438599147,0.8322666213729734
yelp_review_full,nlpaueb/sec-bert-base,js,1.0,4.740458836290576,0.9627171337475723
yelp_review_full,nlpaueb/sec-bert-base,hellinger,0.0,1.9823099417484098,0.20438002054749346
yelp_review_full,nlpaueb/sec-bert-base,hellinger,0.25,2.136761444462165,0.21386768436913045
yelp_review_full,nlpaueb/sec-bert-base,hellinger,0.5,2.2827748356197994,0.3107482206618689
yelp_review_full,nlpaueb/sec-bert-base,hellinger,0.75,2.451592595999507,0.2400904139668504
yelp_review_full,nlpaueb/sec-bert-base,hellinger,1.0,2.492609813333102,0.27073710543814694
yelp_review_full,nlpaueb/sec-bert-base,bhattacharyya,0.0,-2.213656956814171,0.08745168560162773
yelp_review_full,nlpaueb/sec-bert-base,bhattacharyya,0.25,-2.151950692062733,0.06924259529135834
yelp_review_full,nlpaueb/sec-bert-base,bhattacharyya,0.5,-2.0443644318595298,0.06999436213921251
yelp_review_full,nlpaueb/sec-bert-base,bhattacharyya,0.75,-1.9492763731783154,0.07694894650371026
yelp_review_full,nlpaueb/sec-bert-base,bhattacharyya,1.0,-1.8986105724842195,0.10372547470835401
yelp_review_full,nlpaueb/sec-bert-base,mmd,0.0,0.038289852074702674,0.0021965263707156377
yelp_review_full,nlpaueb/sec-bert-base,mmd,0.25,0.1641946412652271,0.0024526746862817504
yelp_review_full,nlpaueb/sec-bert-base,mmd,0.5,0.27737365702161004,0.001797050488512023
yelp_review_full,nlpaueb/sec-bert-base,mmd,0.75,0.3356084852064048,0.002442435423030423
yelp_review_full,nlpaueb/sec-bert-base,mmd,1.0,0.35799581608064446,0.00219275369190412
yelp_review_full,nlpaueb/sec-bert-base,wasserstein,0.0,0.2185626904567083,0.028194281019324998
yelp_review_full,nlpaueb/sec-bert-base,wasserstein,0.25,0.7889935375054679,0.17552647097732457
yelp_review_full,nlpaueb/sec-bert-base,wasserstein,0.5,1.3439902185599006,0.24992106806410214
yelp_review_full,nlpaueb/sec-bert-base,wasserstein,0.75,1.6864455386797588,0.3099373322781205
yelp_review_full,nlpaueb/sec-bert-base,wasserstein,1.0,1.7793746214310329,0.3526864740473715
yelp_review_full,bert-base-uncased,kl,0.0,64.10213280739352,3.4899545530553477
yelp_review_full,bert-base-uncased,kl,0.25,81.5521668182309,8.858883035453173
yelp_review_full,bert-base-uncased,kl,0.5,102.27063433636651,11.466385861006778
yelp_review_full,bert-base-uncased,kl,0.75,102.33185243818711,7.2883019677396925
yelp_review_full,bert-base-uncased,kl,1.0,97.10033981797694,12.68888071652853
yelp_review_full,bert-base-uncased,js,0.0,2.0914521650207276,0.13859262345959544
yelp_review_full,bert-base-uncased,js,0.25,2.716041966580349,0.19647954143342308
yelp_review_full,bert-base-uncased,js,0.5,2.969356715550159,0.10217857278400386
yelp_review_full,bert-base-uncased,js,0.75,3.076504698262126,0.27559017740474223
yelp_review_full,bert-base-uncased,js,1.0,2.9888413513328627,0.21900003172886345
yelp_review_full,bert-base-uncased,hellinger,0.0,1.6929343714190168,0.04788521180954763
yelp_review_full,bert-base-uncased,hellinger,0.25,1.9800904150751968,0.04898249795839486
yelp_review_full,bert-base-uncased,hellinger,0.5,2.0740861432282736,0.09665985404367368
yelp_review_full,bert-base-uncased,hellinger,0.75,2.0871396676579472,0.06719541110217227
yelp_review_full,bert-base-uncased,hellinger,1.0,2.0769970796971307,0.07660433582553362
yelp_review_full,bert-base-uncased,bhattacharyya,0.0,-1.7637605644797978,0.09800239085286723
yelp_review_full,bert-base-uncased,bhattacharyya,0.25,-1.6041245190092595,0.09455085046982341
yelp_review_full,bert-base-uncased,bhattacharyya,0.5,-1.4885825645459911,0.054089395946273856
yelp_review_full,bert-base-uncased,bhattacharyya,0.75,-1.4648238878869622,0.0940076750819173
yelp_review_full,bert-base-uncased,bhattacharyya,1.0,-1.5186327633298884,0.05272824619064222
yelp_review_full,bert-base-uncased,mmd,0.0,0.03545004576974368,0.0006312064556812937
yelp_review_full,bert-base-uncased,mmd,0.25,0.38275352079026975,0.003667513597224743
yelp_review_full,bert-base-uncased,mmd,0.5,0.5365705203566429,0.002494497451360924
yelp_review_full,bert-base-uncased,mmd,0.75,0.580167181698667,0.0031423897211057435
yelp_review_full,bert-base-uncased,mmd,1.0,0.5813692003905242,0.004928522829650111
yelp_review_full,bert-base-uncased,wasserstein,0.0,0.2142013514737288,0.022490076740373812
yelp_review_full,bert-base-uncased,wasserstein,0.25,1.783458360369007,0.11303197802909212
yelp_review_full,bert-base-uncased,wasserstein,0.5,2.548089813306928,0.07830739496481692
yelp_review_full,bert-base-uncased,wasserstein,0.75,2.470330091908574,0.05364646234348542
yelp_review_full,bert-base-uncased,wasserstein,1.0,2.1532365964303417,0.0920203676231447
wikitext,nlpaueb/sec-bert-base,kl,0.0,34.0788258463164,6.691233848106168
wikitext,nlpaueb/sec-bert-base,kl,0.25,39.02782945162675,4.034825216909292
wikitext,nlpaueb/sec-bert-base,kl,0.5,44.045287674814794,7.7356069027727425
wikitext,nlpaueb/sec-bert-base,kl,0.75,59.162335211140885,5.557152102826971
wikitext,nlpaueb/sec-bert-base,kl,1.0,65.87925283504244,13.680341783699012
wikitext,nlpaueb/sec-bert-base,js,0.0,1.1091011599883343,0.2162936356040324
wikitext,nlpaueb/sec-bert-base,js,0.25,1.2164439510705514,0.18364061444966986
wikitext,nlpaueb/sec-bert-base,js,0.5,1.5500063991059374,0.3072119764646281
wikitext,nlpaueb/sec-bert-base,js,0.75,1.8043534409856257,0.3051528540567854
wikitext,nlpaueb/sec-bert-base,js,1.0,2.0844738187888523,0.3293177392625521
wikitext,nlpaueb/sec-bert-base,hellinger,0.0,1.2252981974941777,0.11313362581118414
wikitext,nlpaueb/sec-bert-base,hellinger,0.25,1.2795343646436255,0.1282916745482327
wikitext,nlpaueb/sec-bert-base,hellinger,0.5,1.4366056027322094,0.10739776716117116
wikitext,nlpaueb/sec-bert-base,hellinger,0.75,1.5807318166434483,0.15474734010157354
wikitext,nlpaueb/sec-bert-base,hellinger,1.0,1.6259475926669522,0.13969671079683246
wikitext,nlpaueb/sec-bert-base,bhattacharyya,0.0,-2.0609800985334292,0.05298813018732248
wikitext,nlpaueb/sec-bert-base,bhattacharyya,0.25,-2.033273075338687,0.0636332658906988
wikitext,nlpaueb/sec-bert-base,bhattacharyya,0.5,-1.9786496136811527,0.05321992512693301
wikitext,nlpaueb/sec-bert-base,bhattacharyya,0.75,-1.9368638285708748,0.03261313219438803
wikitext,nlpaueb/sec-bert-base,bhattacharyya,1.0,-1.8940094015866498,0.029271776505247357
wikitext,nlpaueb/sec-bert-base,mmd,0.0,0.02790697847848686,0.0017948218670772083
wikitext,nlpaueb/sec-bert-base,mmd,0.25,0.07760484739800061,0.005282454637734712
wikitext,nlpaueb/sec-bert-base,mmd,0.5,0.13337393182715054,0.004641135884661355
wikitext,nlpaueb/sec-bert-base,mmd,0.75,0.16009165650201274,0.0032460003760731273
wikitext,nlpaueb/sec-bert-base,mmd,1.0,0.1695824648563802,0.0036736829705133946
wikitext,nlpaueb/sec-bert-base,wasserstein,0.0,0.18067340558767317,0.0330735423022629
wikitext,nlpaueb/sec-bert-base,wasserstein,0.25,0.23880404027303057,0.06484396866270166
wikitext,nlpaueb/sec-bert-base,wasserstein,0.5,0.4266218606630961,0.07047854973303047
wikitext,nlpaueb/sec-bert-base,wasserstein,0.75,0.5789982316295306,0.09200846819640977
wikitext,nlpaueb/sec-bert-base,wasserstein,1.0,0.6781063259840011,0.07295501231482115
wikitext,bert-base-uncased,kl,0.0,6.440226456721725,1.8769618596572515
wikitext,bert-base-uncased,kl,0.25,34.013952976900384,2.9456024568120642
wikitext,bert-base-uncased,kl,0.5,40.89032649135335,1.4748471154521507
wikitext,bert-base-uncased,kl,0.75,40.76789044166134,0.9716867718533722
wikitext,bert-base-uncased,kl,1.0,40.74271880006932,1.0267230920505988
wikitext,bert-base-uncased,js,0.0,0.29834117265030063,0.04650933128341837
wikitext,bert-base-uncased,js,0.25,1.005722523072355,0.037666926738843316
wikitext,bert-base-uncased,js,0.5,1.123315739582428,0.0060628840041487345
wikitext,bert-base-uncased,js,0.75,1.0989365468069836,0.02915460927707341
wikitext,bert-base-uncased,js,1.0,1.1033100201191173,0.020639293700708522
wikitext,bert-base-uncased,hellinger,0.0,0.621360355414926,0.05271176509713614
wikitext,bert-base-uncased,hellinger,0.25,1.1791676690932977,0.025565545244914955
wikitext,bert-base-uncased,hellinger,0.5,1.2403580862356984,0.01525217029723026
wikitext,bert-base-uncased,hellinger,0.75,1.2430997749686084,0.016579867758381803
wikitext,bert-base-uncased,hellinger,1.0,1.2459980212423722,0.01499238905623881
wikitext,bert-base-uncased,bhattacharyya,0.0,-1.2588677940420812,0.009328789891545704
wikitext,bert-base-uncased,bhattacharyya,0.25,-0.9279561849401333,0.013388666822991448
wikitext,bert-base-uncased,bhattacharyya,0.5,-0.8645423376698487,0.022038880199468116
wikitext,bert-base-uncased,bhattacharyya,0.75,-0.8570624437767145,0.032049850429750865
wikitext,bert-base-uncased,bhattacharyya,1.0,-0.8597584150745315,0.02323950839908605
wikitext,bert-base-uncased,mmd,0.0,0.026748919441054845,0.0002804319333565074
wikitext,bert-base-uncased,mmd,0.25,0.1258792259950735,0.004621467611167583
wikitext,bert-base-uncased,mmd,0.5,0.16312238169115953,0.003985004149356202
wikitext,bert-base-uncased,mmd,0.75,0.17592751887523791,0.004260743566112463
wikitext,bert-base-uncased,mmd,1.0,0.17950775037922176,0.004814134099114201
wikitext,bert-base-uncased,wasserstein,0.0,0.3459563176830611,0.07528703561642779
wikitext,bert-base-uncased,wasserstein,0.25,1.5936257644494376,0.11187460403184178
wikitext,bert-base-uncased,wasserstein,0.5,1.8598997625311215,0.11892828839412624
wikitext,bert-base-uncased,wasserstein,0.75,1.9694528283079464,0.0934769945387749
wikitext,bert-base-uncased,wasserstein,1.0,2.0202878643274307,0.10136541042641942
ag_news,nlpaueb/sec-bert-base,kl,0.0,111.11987015983958,26.260364431897756
ag_news,nlpaueb/sec-bert-base,kl,0.25,117.69416115330448,25.228819787897606
ag_news,nlpaueb/sec-bert-base,kl,0.5,133.9252998232553,23.119480458706498
ag_news,nlpaueb/sec-bert-base,kl,0.75,146.4396234832384,26.294942490447557
ag_news,nlpaueb/sec-bert-base,kl,1.0,153.46511917143334,20.126457487868493
ag_news,nlpaueb/sec-bert-base,js,0.0,3.447698028705391,0.6906158739203558
ag_news,nlpaueb/sec-bert-base,js,0.25,3.556497596584112,0.5185846776445246
ag_news,nlpaueb/sec-bert-base,js,0.5,3.787187159576122,0.5871309767026773
ag_news,nlpaueb/sec-bert-base,js,0.75,4.240336585727876,0.5619081528332324
ag_news,nlpaueb/sec-bert-base,js,1.0,4.456874007071121,0.7445636576573189
ag_news,nlpaueb/sec-bert-base,hellinger,0.0,2.1733014080284847,0.23183919141103276
ag_news,nlpaueb/sec-bert-base,hellinger,0.25,2.237503064501231,0.20121261710882143
ag_news,nlpaueb/sec-bert-base,hellinger,0.5,2.3006015905849195,0.18322596624463638
ag_news,nlpaueb/sec-bert-base,hellinger,0.75,2.3703229056070625,0.19782688344275146
ag_news,nlpaueb/sec-bert-base,hellinger,1.0,2.513358252651908,0.17584179312238393
ag_news,nlpaueb/sec-bert-base,bhattacharyya,0.0,-2.086084340002449,0.03452594102749526
ag_news,nlpaueb/sec-bert-base,bhattacharyya,0.25,-2.034621733919083,0.03701184746025467
ag_news,nlpaueb/sec-bert-base,bhattacharyya,0.5,-2.029144982189926,0.024743175845874342
ag_news,nlpaueb/sec-bert-base,bhattacharyya,0.75,-1.9475432648642161,0.0523615595865495
ag_news,nlpaueb/sec-bert-base,bhattacharyya,1.0,-1.913705052977783,0.018996741867835863
ag_news,nlpaueb/sec-bert-base,mmd,0.0,0.03718767786607298,0.0018690322618793633
ag_news,nlpaueb/sec-bert-base,mmd,0.25,0.10538960857699152,0.0007700025900142388
ag_news,nlpaueb/sec-bert-base,mmd,0.5,0.1928067908286681,0.007174880511214986
ag_news,nlpaueb/sec-bert-base,mmd,0.75,0.2521453277438905,0.00957450765972071
ag_news,nlpaueb/sec-bert-base,mmd,1.0,0.2839659381354574,0.003255146517367305
ag_news,nlpaueb/sec-bert-base,wasserstein,0.0,0.24176217812299727,0.016692271371140543
ag_news,nlpaueb/sec-bert-base,wasserstein,0.25,0.7132807585994403,0.10582910146732252
ag_news,nlpaueb/sec-bert-base,wasserstein,0.5,1.3278186845382054,0.1896910655614602
ag_news,nlpaueb/sec-bert-base,wasserstein,0.75,1.7537052322626112,0.22701487537800075
ag_news,nlpaueb/sec-bert-base,wasserstein,1.0,2.0286656662424405,0.29861443258000236
ag_news,bert-base-uncased,kl,0.0,55.800211098369864,9.085218052564134
ag_news,bert-base-uncased,kl,0.25,61.1557240602676,11.573711387116575
ag_news,bert-base-uncased,kl,0.5,71.30254486816246,11.746153136324873
ag_news,bert-base-uncased,kl,0.75,76.66876076851267,12.56432994032328
ag_news,bert-base-uncased,kl,1.0,78.6286789320927,13.062214053872006
ag_news,bert-base-uncased,js,0.0,1.818041043805998,0.2727584580582406
ag_news,bert-base-uncased,js,0.25,1.8139733928675514,0.3459578513215308
ag_news,bert-base-uncased,js,0.5,1.9090457112278132,0.32087850286713354
ag_news,bert-base-uncased,js,0.75,1.9809167744405454,0.3615501643099622
ag_news,bert-base-uncased,js,1.0,2.074583871017824,0.3554038121321797
ag_news,bert-base-uncased,hellinger,0.0,1.582115596470013,0.11922335617803714
ag_news,bert-base-uncased,hellinger,0.25,1.5623738723365441,0.1517560310762265
ag_news,bert-base-uncased,hellinger,0.5,1.6266096636528034,0.12532647455824822
ag_news,bert-base-uncased,hellinger,0.75,1.6394463834276423,0.13978727139751893
ag_news,bert-base-uncased,hellinger,1.0,1.6718808118135702,0.15429804918639095
ag_news,bert-base-uncased,bhattacharyya,0.0,-1.4467803327663458,0.09024977112934474
ag_news,bert-base-uncased,bhattacharyya,0.25,-1.4567954384484658,0.0721461178296499
ag_news,bert-base-uncased,bhattacharyya,0.5,-1.4133807779903222,0.04563313206681187
ag_news,bert-base-uncased,bhattacharyya,0.75,-1.3928001479066656,0.09609839595573655
ag_news,bert-base-uncased,bhattacharyya,1.0,-1.353848132604653,0.08555405153156084
ag_news,bert-base-uncased,mmd,0.0,0.04031181551312681,0.0034063709969600767
ag_news,bert-base-uncased,mmd,0.25,0.1925154619406483,0.005752267417759921
ag_news,bert-base-uncased,mmd,0.5,0.2924160082654166,0.004072645755912523
ag_news,bert-base-uncased,mmd,0.75,0.33047647050857826,0.0033494935228223816
ag_news,bert-base-uncased,mmd,1.0,0.3402975820748071,0.004398556661740952
ag_news,bert-base-uncased,wasserstein,0.0,0.31691112597783405,0.08438420261131654
ag_news,bert-base-uncased,wasserstein,0.25,1.4189821464866401,0.21000138637700808
ag_news,bert-base-uncased,wasserstein,0.5,2.0831964231530824,0.14099559018965058
ag_news,bert-base-uncased,wasserstein,0.75,2.279828682512045,0.16413948823269164
ag_news,bert-base-uncased,wasserstein,1.0,2.4032595168054103,0.14203249497886097
