Dataset,Model,Measure,Drift Strength,Mean_Value,Std_Value
ag_news,bert-base-uncased,bhattacharyya,0.0,0.0791806034267832,0.006346155516125141
ag_news,bert-base-uncased,bhattacharyya,0.25,0.13732818909914168,0.006750903285670796
ag_news,bert-base-uncased,bhattacharyya,0.5,0.2254179587835896,0.018237128797906975
ag_news,bert-base-uncased,bhattacharyya,0.75,0.28082830920703467,0.024837829915623576
ag_news,bert-base-uncased,bhattacharyya,1.0,0.3042770484423695,0.017785275649614758
ag_news,bert-base-uncased,hellinger,0.0,0.27574862226215857,0.010762871791152076
ag_news,bert-base-uncased,hellinger,0.25,0.35876200275273257,0.011738087904213941
ag_news,bert-base-uncased,hellinger,0.5,0.4539008945468577,0.01579742850397265
ag_news,bert-base-uncased,hellinger,0.75,0.4949323015091344,0.01789355565010734
ag_news,bert-base-uncased,hellinger,1.0,0.5162491192787585,0.012332466343655686
ag_news,bert-base-uncased,js,0.0,0.06156214173142658,0.004595371434264311
ag_news,bert-base-uncased,js,0.25,0.10482316419683822,0.00424687850584805
ag_news,bert-base-uncased,js,0.5,0.1664328838565452,0.011775417871992782
ag_news,bert-base-uncased,js,0.75,0.19605490016056892,0.013822288466513797
ag_news,bert-base-uncased,js,1.0,0.20661918883013722,0.01463819034204476
ag_news,bert-base-uncased,kl,0.0,1.066051036087947,0.13130019138976343
ag_news,bert-base-uncased,kl,0.25,2.8233189935257132,0.08117824662243311
ag_news,bert-base-uncased,kl,0.5,4.707034849019204,0.27860684039496625
ag_news,bert-base-uncased,kl,0.75,6.500572702760331,0.3008813712679794
ag_news,bert-base-uncased,kl,1.0,6.473258147993692,0.2618393792883126
ag_news,bert-base-uncased,mmd,0.0,0.017587975909312565,0.0008555953039008111
ag_news,bert-base-uncased,mmd,0.25,0.18765591581662497,0.0016374554476866919
ag_news,bert-base-uncased,mmd,0.5,0.2910330593585968,0.0031415939339027275
ag_news,bert-base-uncased,mmd,0.75,0.32956024010976154,0.0015844594730811997
ag_news,bert-base-uncased,mmd,1.0,0.33910022179285687,0.0012706954143649034
ag_news,bert-base-uncased,wasserstein,0.0,0.1196638463566701,0.007696340198537566
ag_news,bert-base-uncased,wasserstein,0.25,1.5381918736120064,0.08793470772755878
ag_news,bert-base-uncased,wasserstein,0.5,2.231447137014071,0.08981910279421366
ag_news,bert-base-uncased,wasserstein,0.75,2.512978876403968,0.09619655083315211
ag_news,bert-base-uncased,wasserstein,1.0,2.6305412989238897,0.11655786111009293
ag_news,nlpaueb/sec-bert-base,bhattacharyya,0.0,0.06824406797440441,0.002301531276873855
ag_news,nlpaueb/sec-bert-base,bhattacharyya,0.25,0.09258474418382674,0.007159591097193162
ag_news,nlpaueb/sec-bert-base,bhattacharyya,0.5,0.16778154041262652,0.007991154083665736
ag_news,nlpaueb/sec-bert-base,bhattacharyya,0.75,0.24231321301157205,0.007225141566921229
ag_news,nlpaueb/sec-bert-base,bhattacharyya,1.0,0.30073934664298085,0.011263059541084421
ag_news,nlpaueb/sec-bert-base,hellinger,0.0,0.25681544097611075,0.004189640339778093
ag_news,nlpaueb/sec-bert-base,hellinger,0.25,0.29530484636491644,0.008350932446907077
ag_news,nlpaueb/sec-bert-base,hellinger,0.5,0.3929678011580419,0.005711668807809309
ag_news,nlpaueb/sec-bert-base,hellinger,0.75,0.4704483440844697,0.004668123174625221
ag_news,nlpaueb/sec-bert-base,hellinger,1.0,0.5123150382848056,0.0028922703770765273
ag_news,nlpaueb/sec-bert-base,js,0.0,0.05512452137060115,0.0011286804585607167
ag_news,nlpaueb/sec-bert-base,js,0.25,0.07300535412038488,0.0030614757120911557
ag_news,nlpaueb/sec-bert-base,js,0.5,0.12707145092709135,0.007130921744390246
ag_news,nlpaueb/sec-bert-base,js,0.75,0.1737789322682468,0.003659883563026328
ag_news,nlpaueb/sec-bert-base,js,1.0,0.2075118764636945,0.004739535415256858
ag_news,nlpaueb/sec-bert-base,kl,0.0,0.8324733001166686,0.13941394988598418
ag_news,nlpaueb/sec-bert-base,kl,0.25,1.3123656591581883,0.07095487811519977
ag_news,nlpaueb/sec-bert-base,kl,0.5,2.8669588965960675,0.21783975944377187
ag_news,nlpaueb/sec-bert-base,kl,0.75,4.194312950462527,0.28416048778765474
ag_news,nlpaueb/sec-bert-base,kl,1.0,4.965699540084452,0.2791685706711839
ag_news,nlpaueb/sec-bert-base,mmd,0.0,0.017158445591727894,0.00048046879086285243
ag_news,nlpaueb/sec-bert-base,mmd,0.25,0.09882886956135432,0.0022605681298692062
ag_news,nlpaueb/sec-bert-base,mmd,0.5,0.1905568242073059,0.00412876263986965
ag_news,nlpaueb/sec-bert-base,mmd,0.75,0.24887375036875406,0.003378799304201311
ag_news,nlpaueb/sec-bert-base,mmd,1.0,0.2837393681208293,0.004639050792959962
ag_news,nlpaueb/sec-bert-base,wasserstein,0.0,0.10747379351456961,0.01379297896028635
ag_news,nlpaueb/sec-bert-base,wasserstein,0.25,0.6787322592258453,0.0340500812940131
ag_news,nlpaueb/sec-bert-base,wasserstein,0.5,1.342262687174479,0.09062557778345158
ag_news,nlpaueb/sec-bert-base,wasserstein,0.75,1.8135233775456747,0.08926631696068879
ag_news,nlpaueb/sec-bert-base,wasserstein,1.0,2.098914074365298,0.13669529777730208
wikitext,bert-base-uncased,bhattacharyya,0.0,0.02144249029573042,0.0005483749613127566
wikitext,bert-base-uncased,bhattacharyya,0.25,0.2769070824170048,0.008391727543598348
wikitext,bert-base-uncased,bhattacharyya,0.5,0.3608465505121558,0.002021218994524066
wikitext,bert-base-uncased,bhattacharyya,0.75,0.3801753057087682,0.0008379226962782017
wikitext,bert-base-uncased,bhattacharyya,1.0,0.38423054115995076,0.002788928991737288
wikitext,bert-base-uncased,hellinger,0.0,0.14564302441327034,0.001835715196896988
wikitext,bert-base-uncased,hellinger,0.25,0.49566426307332073,0.004136188897300854
wikitext,bert-base-uncased,hellinger,0.5,0.5540564715961321,0.0005483639499150226
wikitext,bert-base-uncased,hellinger,0.75,0.5610095843865491,0.001925788649157287
wikitext,bert-base-uncased,hellinger,1.0,0.5651956750130785,0.0029486221941366166
wikitext,bert-base-uncased,js,0.0,0.01768866651915123,0.0010393107500758563
wikitext,bert-base-uncased,js,0.25,0.19182552022505325,0.003623934888522908
wikitext,bert-base-uncased,js,0.5,0.23237914500245624,0.0011101077554961942
wikitext,bert-base-uncased,js,0.75,0.24128507316950384,0.0016878354560727078
wikitext,bert-base-uncased,js,1.0,0.24376871173273718,0.0020706824109140965
wikitext,bert-base-uncased,kl,0.0,0.28226009040678246,0.03576592937172169
wikitext,bert-base-uncased,kl,0.25,5.7825814540156415,0.14685393708305414
wikitext,bert-base-uncased,kl,0.5,8.321193245818465,0.470740232612181
wikitext,bert-base-uncased,kl,0.75,9.039528531883223,0.13503752053860155
wikitext,bert-base-uncased,kl,1.0,8.885662154740535,0.15693850615407529
wikitext,bert-base-uncased,mmd,0.0,0.018129320815205574,0.005908462535579074
wikitext,bert-base-uncased,mmd,0.25,0.12433408449093501,0.004615657757488078
wikitext,bert-base-uncased,mmd,0.5,0.160228098432223,0.004893073263398447
wikitext,bert-base-uncased,mmd,0.75,0.17177017529805502,0.004686913667197674
wikitext,bert-base-uncased,mmd,1.0,0.17533361911773682,0.005128597715161235
wikitext,bert-base-uncased,wasserstein,0.0,0.3423535393873853,0.20952334546980014
wikitext,bert-base-uncased,wasserstein,0.25,1.6592339589834217,0.1442703429599493
wikitext,bert-base-uncased,wasserstein,0.5,1.9665692042112353,0.12113023071594974
wikitext,bert-base-uncased,wasserstein,0.75,2.091072394529979,0.11275341833527161
wikitext,bert-base-uncased,wasserstein,1.0,2.1521104220549265,0.11402311333681521
wikitext,nlpaueb/sec-bert-base,bhattacharyya,0.0,0.06306440955777785,0.004933433219986322
wikitext,nlpaueb/sec-bert-base,bhattacharyya,0.25,0.0799114877087327,0.008469793629442852
wikitext,nlpaueb/sec-bert-base,bhattacharyya,0.5,0.13376234479095578,0.011682176177371412
wikitext,nlpaueb/sec-bert-base,bhattacharyya,0.75,0.19214182526033197,0.016032146905695384
wikitext,nlpaueb/sec-bert-base,bhattacharyya,1.0,0.2348559924850426,0.018527757595218738
wikitext,nlpaueb/sec-bert-base,hellinger,0.0,0.24708726945727197,0.00926871644289803
wikitext,nlpaueb/sec-bert-base,hellinger,0.25,0.27485029519553317,0.007965030206370165
wikitext,nlpaueb/sec-bert-base,hellinger,0.5,0.35390713514415245,0.011657625678233587
wikitext,nlpaueb/sec-bert-base,hellinger,0.75,0.41881590445717315,0.008792174926619127
wikitext,nlpaueb/sec-bert-base,hellinger,1.0,0.4450328193332766,0.0134814026868363
wikitext,nlpaueb/sec-bert-base,js,0.0,0.047502347073363795,0.0037663151815911177
wikitext,nlpaueb/sec-bert-base,js,0.25,0.06106408926069904,0.005831800005998377
wikitext,nlpaueb/sec-bert-base,js,0.5,0.10452700347999594,0.0057996535326848425
wikitext,nlpaueb/sec-bert-base,js,0.75,0.14080000344605528,0.006862965152794161
wikitext,nlpaueb/sec-bert-base,js,1.0,0.16413624341067423,0.005263005989442173
wikitext,nlpaueb/sec-bert-base,kl,0.0,0.9416518086892071,0.08222424647481294
wikitext,nlpaueb/sec-bert-base,kl,0.25,1.0115787850145208,0.265489730482797
wikitext,nlpaueb/sec-bert-base,kl,0.5,1.6982370574568357,0.3099466958089982
wikitext,nlpaueb/sec-bert-base,kl,0.75,2.2042205423016292,0.2242888904377109
wikitext,nlpaueb/sec-bert-base,kl,1.0,3.2730405989352573,0.5607327014150542
wikitext,nlpaueb/sec-bert-base,mmd,0.0,0.017004653190573055,0.0034707023324023092
wikitext,nlpaueb/sec-bert-base,mmd,0.25,0.07274228086074193,0.0008303393764960348
wikitext,nlpaueb/sec-bert-base,mmd,0.5,0.12698866178592047,0.0020412970058444526
wikitext,nlpaueb/sec-bert-base,mmd,0.75,0.15485886732737222,0.0025327066843932777
wikitext,nlpaueb/sec-bert-base,mmd,1.0,0.16367956002553305,0.001913993577448954
wikitext,nlpaueb/sec-bert-base,wasserstein,0.0,0.1870740006407102,0.07199239138958394
wikitext,nlpaueb/sec-bert-base,wasserstein,0.25,0.3418687303185463,0.05564007207765064
wikitext,nlpaueb/sec-bert-base,wasserstein,0.5,0.557732146068414,0.05178414395299226
wikitext,nlpaueb/sec-bert-base,wasserstein,0.75,0.7154593080163002,0.04434703200274399
wikitext,nlpaueb/sec-bert-base,wasserstein,1.0,0.7835247136751811,0.039146698436380085
yelp_review_full,bert-base-uncased,bhattacharyya,0.0,0.07392507762504621,0.001158178321285476
yelp_review_full,bert-base-uncased,bhattacharyya,0.25,0.19652194939771037,0.012711592323162156
yelp_review_full,bert-base-uncased,bhattacharyya,0.5,0.3131449825976006,0.019446920397103343
yelp_review_full,bert-base-uncased,bhattacharyya,0.75,0.3096048095338998,0.028025748929225977
yelp_review_full,bert-base-uncased,bhattacharyya,1.0,0.30219238540648896,0.024492066701388357
yelp_review_full,bert-base-uncased,hellinger,0.0,0.2669374646766464,0.0020126362601733915
yelp_review_full,bert-base-uncased,hellinger,0.25,0.42476284336896963,0.022583978469697476
yelp_review_full,bert-base-uncased,hellinger,0.5,0.5156651972129607,0.021387547436684216
yelp_review_full,bert-base-uncased,hellinger,0.75,0.5143855499074611,0.019911114280198806
yelp_review_full,bert-base-uncased,hellinger,1.0,0.5137945108394341,0.020417396401549128
yelp_review_full,bert-base-uncased,js,0.0,0.058355409206252366,0.0008548454281400177
yelp_review_full,bert-base-uncased,js,0.25,0.14129497300473393,0.012052065894304145
yelp_review_full,bert-base-uncased,js,0.5,0.21947581227047944,0.017789504061577803
yelp_review_full,bert-base-uncased,js,0.75,0.2148855093693954,0.014123953879643717
yelp_review_full,bert-base-uncased,js,1.0,0.20478793470314308,0.01435866316745755
yelp_review_full,bert-base-uncased,kl,0.0,1.039174528993163,0.043752156734402275
yelp_review_full,bert-base-uncased,kl,0.25,1.946235474254881,0.16829627805867298
yelp_review_full,bert-base-uncased,kl,0.5,3.48563081485122,0.45335996211871044
yelp_review_full,bert-base-uncased,kl,0.75,4.0193149112265205,0.16808317234859452
yelp_review_full,bert-base-uncased,kl,1.0,4.1403145570587725,0.3277651005340531
yelp_review_full,bert-base-uncased,mmd,0.0,0.01789759782453378,0.0024509331947350386
yelp_review_full,bert-base-uncased,mmd,0.25,0.3761669298013051,0.0035433716184554904
yelp_review_full,bert-base-uncased,mmd,0.5,0.5287994345029196,0.0008736914428028335
yelp_review_full,bert-base-uncased,mmd,0.75,0.5695232351620992,0.0032905307098988457
yelp_review_full,bert-base-uncased,mmd,1.0,0.5717215538024902,0.003396357865781926
yelp_review_full,bert-base-uncased,wasserstein,0.0,0.1262769911934932,0.026430868135136412
yelp_review_full,bert-base-uncased,wasserstein,0.25,2.017222553643584,0.22771141416820576
yelp_review_full,bert-base-uncased,wasserstein,0.5,2.9440766163979966,0.23761339196033385
yelp_review_full,bert-base-uncased,wasserstein,0.75,2.776743494807681,0.27168854592164393
yelp_review_full,bert-base-uncased,wasserstein,1.0,2.5059930108408133,0.2662718053442656
yelp_review_full,nlpaueb/sec-bert-base,bhattacharyya,0.0,0.08359223283730698,0.012036989380461702
yelp_review_full,nlpaueb/sec-bert-base,bhattacharyya,0.25,0.11938677422057416,0.01317725767861113
yelp_review_full,nlpaueb/sec-bert-base,bhattacharyya,0.5,0.21558576268125837,0.009542096507672541
yelp_review_full,nlpaueb/sec-bert-base,bhattacharyya,0.75,0.2947643930219925,0.012470351936461963
yelp_review_full,nlpaueb/sec-bert-base,bhattacharyya,1.0,0.32125898645350165,0.008446589773988352
yelp_review_full,nlpaueb/sec-bert-base,hellinger,0.0,0.2826671465525514,0.01931372003161307
yelp_review_full,nlpaueb/sec-bert-base,hellinger,0.25,0.34246074711038593,0.009316826379204248
yelp_review_full,nlpaueb/sec-bert-base,hellinger,0.5,0.43386026006599726,0.007108084938069453
yelp_review_full,nlpaueb/sec-bert-base,hellinger,0.75,0.5020563219764426,0.002150445797632513
yelp_review_full,nlpaueb/sec-bert-base,hellinger,1.0,0.5270628888796065,0.0020868384478686013
yelp_review_full,nlpaueb/sec-bert-base,js,0.0,0.06401122458723395,0.009124281530469245
yelp_review_full,nlpaueb/sec-bert-base,js,0.25,0.09202734097653555,0.008200502590006136
yelp_review_full,nlpaueb/sec-bert-base,js,0.5,0.14983412067228716,0.002182702264934398
yelp_review_full,nlpaueb/sec-bert-base,js,0.75,0.19431051981940237,0.005430747042579608
yelp_review_full,nlpaueb/sec-bert-base,js,1.0,0.21229570275721943,0.005516584742455646
yelp_review_full,nlpaueb/sec-bert-base,kl,0.0,1.1884112090756558,0.25425300767534087
yelp_review_full,nlpaueb/sec-bert-base,kl,0.25,1.985380494892193,0.32804876992221504
yelp_review_full,nlpaueb/sec-bert-base,kl,0.5,4.118564794024557,0.40044798067158255
yelp_review_full,nlpaueb/sec-bert-base,kl,0.75,5.8267375737699645,0.2962887682215739
yelp_review_full,nlpaueb/sec-bert-base,kl,1.0,6.473399318501798,0.2069533330902555
yelp_review_full,nlpaueb/sec-bert-base,mmd,0.0,0.017197755475838978,0.0012658956144676492
yelp_review_full,nlpaueb/sec-bert-base,mmd,0.25,0.15180243055025736,0.002983190219157261
yelp_review_full,nlpaueb/sec-bert-base,mmd,0.5,0.2640248239040375,0.0033012146077376556
yelp_review_full,nlpaueb/sec-bert-base,mmd,0.75,0.32495367527008057,0.0023756856833904495
yelp_review_full,nlpaueb/sec-bert-base,mmd,1.0,0.3473195433616638,0.0020692295674092135
yelp_review_full,nlpaueb/sec-bert-base,wasserstein,0.0,0.09656046980222066,0.02627825215396477
yelp_review_full,nlpaueb/sec-bert-base,wasserstein,0.25,0.6944950706481934,0.024628620816959813
yelp_review_full,nlpaueb/sec-bert-base,wasserstein,0.5,1.2715578746477763,0.014350976379089591
yelp_review_full,nlpaueb/sec-bert-base,wasserstein,0.75,1.606761431447665,0.008122311761069975
yelp_review_full,nlpaueb/sec-bert-base,wasserstein,1.0,1.7409693961222965,0.026264409472196854
